"","ApplicationDate","ApplicationNo","LoanType","Amount","Tenor","CustomerNo","CustomerName","ApplicationStatus"
"1",2024-01-02,"110223","PersonalLoan","40,000",36,"416564","Shafeeqa, el-Habibi","Drawdown"
"2",2024-01-02,"110575","CarLoan","70,000",36,"375755","Nathan, Lopez","Drawdown"
"3",2024-01-02,"110874","CarLoan","60,000",60,"507040","Tristan, Terry","Drawdown"
"4",2024-01-02,"110934","CarLoan","40,000",36,"349871","Sidney, Bentley","Drawdown"
"5",2024-01-03,"111023","CarLoan","80,000",36,"337801","Timothy, Mitchell","Drawdown"
"6",2024-01-03,"111154","PersonalLoan","40,000",36,"457998","Marshall, Mcveigh","Processing"
"7",2024-01-03,"111384","CarLoan","50,000",48,"363802","Peyton, Jones","Drawdown"
"8",2024-01-03,"111681","CarLoan","40,000",48,"452107","Janiva, Williams",NA
"9",2024-01-03,"111760","CarLoan","40,000",60,"414897","Tabeion, Conover","Drawdown"
"10",2024-01-03,"111988","CarLoan","70,000",48,"402875","Maren, Moreno","Drawdown"
"11",2024-01-03,"112352","HomeLoan","500,000",360,"451241","Sundus, el-Kaiser","Drawdown"
"12",2024-01-03,"112434","CarLoan","40,000",36,"545764","Jumail, al-Jafri","Drawdown"
"13",2024-01-03,"112515","PersonalLoan","40,000",36,"383450","Ian, Swalley","Drawdown"
"14",2024-01-03,"112588","HomeLoan","500,000",360,"462456","Brandin, Harris","Processing"
"15",2024-01-03,"112600","CarLoan","70,000",48,"414560","Khulood, al-Moussa","Drawdown"
"16",2024-01-03,"112855","CarLoan","50,000",48,"503497","Tyran, Okbamicael","Drawdown"
"17",2024-01-04,"113142","PersonalLoan","40,000",36,"486758","Sierra, Suchomel","Drawdown"
"18",2024-01-04,"113381","PersonalLoan","40,000",36,"359371","Kira, Choat","Drawdown"
"19",2024-01-04,"113640","CarLoan","40,000",36,"413835","Kari, Campilan","Drawdown"
"20",2024-01-04,"113740","PersonalLoan","40,000",36,"362079","Heejae, Lee","Drawdown"
"21",2024-01-04,"114058","PersonalLoan","40,000",36,"342577","Angelic, Eckley","Drawdown"
"22",2024-01-04,"114068","HomeLoan","300,000",240,"348232","Eleanor, Saraogi","Drawdown"
"23",2024-01-04,"114163","CarLoan","80,000",36,"357957","Kaylene, Yong",NA
"24",2024-01-05,"114213","CarLoan","50,000",60,"437440","Paulina, Ilgenfritz","Drawdown"
"25",2024-01-05,"114532","CarLoan","70,000",48,"514472","Asianae, Feiner-Jackson","Drawdown"
"26",2024-01-05,"115304","CarLoan","60,000",60,"377109","Luwai, el-Noorani",NA
"27",2024-01-05,"115323","CarLoan","70,000",48,"545432","Zachary, Suriwong","Drawdown"
"28",2024-01-05,"115771","PersonalLoan","40,000",36,"474076","Javonte, Keys","Drawdown"
"29",2024-01-08,"116019","CarLoan","70,000",36,"376433","Duane, Freel",NA
"30",2024-01-08,"116054","CarLoan","70,000",48,"397888","William, Hoskins",NA
"31",2024-01-08,"117339","CarLoan","80,000",60,"475515","Khaleela, el-Malak","Drawdown"
"32",2024-01-08,"117786","PersonalLoan","40,000",36,"346079","Naasiruddeen, el-Jamail","Drawdown"
"33",2024-01-09,"117801","HomeLoan","400,000",120,"396690","Baylee, Hammond","Cancel"
"34",2024-01-09,"117846","CarLoan","60,000",60,"361648","Munguntsetseg, Fei","Processing"
"35",2024-01-09,"117962","HomeLoan","600,000",360,"481250","Toshia, Pernell","Drawdown"
"36",2024-01-10,"118242","HomeLoan","500,000",360,"451816","Tylar, Romme","Drawdown"
"37",2024-01-10,"118495","HomeLoan","500,000",120,"389580","Tyler, Rossman","Processing"
"38",2024-01-10,"119280","PersonalLoan","40,000",36,"463660","Neha, Khliu","Drawdown"
"39",2024-01-11,"119330","HomeLoan","500,000",360,"538618","Andrew, Kaszubowski","Cancel"
"40",2024-01-11,"119368","HomeLoan","300,000",240,"432927","Judith, Malouff","Drawdown"
"41",2024-01-12,"119507","CarLoan","60,000",48,"364759","Alisha, Jensen","Drawdown"
"42",2024-01-12,"119772","HomeLoan","500,000",240,"384035","Melinda, Park","Processing"
"43",2024-01-12,"120964","HomeLoan","400,000",120,"530821","Jabril, Kinlicheene","Processing"
"44",2024-01-12,"121009","HomeLoan","500,000",360,"513697","Casey, Toney","Drawdown"
"45",2024-01-12,"121023","CarLoan","80,000",48,"501681","Steven, Dominguez","Processing"
"46",2024-01-12,"121498","CarLoan","70,000",36,"466843","Kabeera, el-Doud","Drawdown"
"47",2024-01-12,"121783","PersonalLoan","40,000",36,"389201","Melinda, Vigil","Processing"
"48",2024-01-12,"121888","PersonalLoan","40,000",36,"341023","Kulthum, el-Akbari","Processing"
"49",2024-01-15,"122010","PersonalLoan","40,000",36,"347085","Haley, Hughes","Drawdown"
"50",2024-01-15,"122377","PersonalLoan","40,000",36,"399699","Lance, Laping","Drawdown"
"51",2024-01-16,"122515","CarLoan","50,000",48,"469034","Janet, Okazaki","Drawdown"
"52",2024-01-16,"122577","PersonalLoan","40,000",36,"331023","John, Young","Drawdown"
"53",2024-01-16,"122748","PersonalLoan","40,000",36,"514303","Joshua, Yang","Processing"
"54",2024-01-16,"123004","HomeLoan","600,000",120,"526300","Desiree, Harris","Drawdown"
"55",2024-01-16,"124443","CarLoan","70,000",36,"527542","Nihal, Knight","Drawdown"
"56",2024-01-16,"124624","PersonalLoan","40,000",36,"490378","Travis, Edler","Drawdown"
"57",2024-01-16,"126079","PersonalLoan","40,000",36,"374535","Jared, Bancroft","Drawdown"
"58",2024-01-16,"127085","HomeLoan","600,000",120,"532662","Veronica, Alferos","Processing"
"59",2024-01-16,"127089","PersonalLoan","40,000",36,"434893","Eduardo, White Bear","Cancel"
"60",2024-01-16,"127894","PersonalLoan","40,000",36,"352954","Jesse, Roy","Drawdown"
"61",2024-01-17,"128232","HomeLoan","300,000",120,"425946","Asher Erwin, Dolkar","Cancel"
"62",2024-01-17,"128299","HomeLoan","600,000",240,"395172","Elisa, Olson","Processing"
"63",2024-01-17,"128747","HomeLoan","400,000",120,"478161","Ashleigh, Worley","Processing"
"64",2024-01-18,"128824","CarLoan","70,000",36,"490089","Reginald, Chapman","Drawdown"
"65",2024-01-18,"129024","CarLoan","70,000",60,"407424","Richard, Smith","Drawdown"
"66",2024-01-18,"129156","HomeLoan","500,000",360,"489725","Scottie, Andres","Drawdown"
"67",2024-01-18,"129361","PersonalLoan","40,000",36,"396410","Nashat, el-Moghaddam","Drawdown"
"68",2024-01-18,"129506","CarLoan","50,000",60,"472036","Destinee, Lindsay","Processing"
"69",2024-01-18,"129871","HomeLoan","500,000",360,"445829","Alexandria, Rodriguez-Sierra","Drawdown"
"70",2024-01-19,"130178","PersonalLoan","40,000",36,"341009","Dustyn, Barton","Drawdown"
"71",2024-01-19,"130281","HomeLoan","500,000",360,"513404","Emmanuel, Nunez","Drawdown"
"72",2024-01-19,"131028","CarLoan","50,000",60,"370761","Cullen, Hemberger","Drawdown"
"73",2024-01-19,"132954","CarLoan","70,000",36,"355435","Hannah, Cerna","Drawdown"
"74",2024-01-19,"133126","PersonalLoan","40,000",36,"376753","Dayton, Long","Drawdown"
"75",2024-01-19,"133905","HomeLoan","400,000",360,"383366","Jorge, Liebanos-Espinoza","Drawdown"
"76",2024-01-22,"134791","CarLoan","40,000",36,"527183","Stephanie, Frias","Drawdown"
"77",2024-01-22,"134841","CarLoan","70,000",60,"433503","Chelsea, Gresham","Drawdown"
"78",2024-01-22,"135024","PersonalLoan","40,000",36,"521912","Amir, Johnson","Drawdown"
"79",2024-01-23,"135106","PersonalLoan","40,000",36,"444324","Hunter, Yeatts","Drawdown"
"80",2024-01-23,"135435","HomeLoan","300,000",120,"460689","Christina, Catlett","Drawdown"
"81",2024-01-23,"135686","PersonalLoan","40,000",36,"378713","Miguel, Herrington","Cancel"
"82",2024-01-23,"135890","HomeLoan","300,000",240,"338242","Nisma, el-Suleiman","Drawdown"
"83",2024-01-23,"135905","HomeLoan","300,000",240,"331760","Sophia, Human","Processing"
"84",2024-01-23,"136647","CarLoan","80,000",48,"400840","Kyle, Smith","Drawdown"
"85",2024-01-23,"136726","PersonalLoan","40,000",36,"332855","Evans, Johnson","Drawdown"
"86",2024-01-23,"137131","PersonalLoan","40,000",36,"492567","Ryan, Wicks","Drawdown"
"87",2024-01-23,"137603","PersonalLoan","40,000",36,"331988","Christian, Keeton","Drawdown"
"88",2024-01-23,"137957","PersonalLoan","40,000",36,"468918","Lucas, Montoya","Drawdown"
"89",2024-01-24,"138653","PersonalLoan","40,000",36,"332434","Ashlee, Griffin","Processing"
"90",2024-01-24,"139017","PersonalLoan","40,000",36,"422183","Maajid, el-Mohamed","Drawdown"
"91",2024-01-24,"139098","PersonalLoan","40,000",36,"536115","Jeremy, Cummings","Drawdown"
"92",2024-01-24,"139306","CarLoan","40,000",36,"497575","Afeef, al-Kaiser",NA
"93",2024-01-24,"139371","PersonalLoan","40,000",36,"493620","David, Trujillo","Cancel"
"94",2024-01-24,"139556","HomeLoan","300,000",360,"386624","Lawrence, Punay","Drawdown"
"95",2024-01-24,"140236","PersonalLoan","40,000",36,"458420","Skye, Slovonsky","Drawdown"
"96",2024-01-24,"140410","PersonalLoan","40,000",36,"361431","Nevin, Guerrero","Drawdown"
"97",2024-01-24,"140473","PersonalLoan","40,000",36,"407319","Mikayla, Herde","Drawdown"
"98",2024-01-24,"141431","HomeLoan","600,000",360,"479819","Daniel, Vargas","Drawdown"
"99",2024-01-25,"141495","HomeLoan","500,000",360,"391004","Nikoma, Jacquez","Drawdown"
"100",2024-01-25,"141648","PersonalLoan","40,000",36,"404816","Charisha, Bancroft","Drawdown"
"101",2024-01-29,"142079","CarLoan","40,000",48,"456923","Priscilla, Guerra","Drawdown"
"102",2024-01-29,"142548","CarLoan","50,000",36,"398136","Alma, Salle II","Processing"
"103",2024-01-29,"143212","HomeLoan","400,000",120,"422262","Aaron, Jones","Processing"
"104",2024-01-29,"143331","CarLoan","50,000",48,"470440","Jada, Hamm","Drawdown"
"105",2024-01-30,"143802","PersonalLoan","40,000",36,"382043","Eric, Vallejos","Drawdown"
"106",2024-01-30,"144666","CarLoan","80,000",48,"404866","Michelle, James","Cancel"
"107",2024-01-30,"144759","PersonalLoan","40,000",36,"494403","Ambrosia, Garcia","Cancel"
"108",2024-01-30,"145019","CarLoan","70,000",36,"357131","Cheyenne, Martinez","Drawdown"
"109",2024-01-30,"145234","HomeLoan","500,000",120,"349506","Cedric, Holley-Bergin","Drawdown"
"110",2024-01-30,"146503","CarLoan","70,000",60,"330223","Wednesday, Dunston","Drawdown"
"111",2024-01-30,"147002","CarLoan","80,000",36,"399604","Jaadallah, al-Hashem","Processing"
"112",2024-01-30,"147100","CarLoan","50,000",60,"377278","Emily, Mcarthur","Processing"
"113",2024-01-30,"147391","PersonalLoan","40,000",36,"368168","Coyote-Cache, Oetken","Drawdown"
"114",2024-01-31,"147965","PersonalLoan","40,000",36,"342748","Melissa, Quenzer","Drawdown"
"115",2024-01-31,"147967","PersonalLoan","40,000",36,"525827","Nathaniel, Acosta","Drawdown"
"116",2024-01-31,"148168","PersonalLoan","40,000",36,"400859","Cheyenne, Ortega","Drawdown"
"117",2024-01-31,"148521","HomeLoan","400,000",120,"530348","Ryan, Fullerton","Drawdown"
"118",2024-01-31,"149357","CarLoan","70,000",48,"491545","Miah, Mata","Drawdown"
"119",2024-01-31,"149400","PersonalLoan","40,000",36,"468858","Remy, Kim","Drawdown"
"120",2024-01-31,"149522","PersonalLoan","40,000",36,"525828","Gabrielle, Esquivel","Processing"
